[
    {
        "title": "start",
        "background": "page01.bmp",
        "text": "Welcome adventurer. Your adventure begins, as many do, in Ye Olde Inn.",
        "text_color": "0x000001",
        "buttons": [
            {
                "label": "Continue",
                "target": "inn"
            }
        ]
    },
    {
        "title": "inn",
        "background": "page01.bmp",
        "sound": "pub.wav",
        "sound_repeat": "True",
        "text": "This is a peaceful, happy inn with plentiful drink, tasty food, and friendly staff.",
        "text_color": "0x000001",
        "buttons": [
            {
                "label": "Stay",
                "target": "inn"
            },
            {
                "label": "Go!",
                "target": "cave entrance"
            }
        ]
    },
    {
        "title": "cave entrance",
        "background": "page01.bmp",
        "text": "There is a dark cave in the hillside before you.",
        "text_color": "0x000001",
        "sound": "cave.wav",
        "sound_repeat": "True",
        "buttons": [
            {
                "label": "Enter",
                "target": "entry"
            },
            {
                "label": "Run",
                "target": "inn"
            }
        ]
    },
    {
        "title": "entry",
        "background": "page01.bmp",
        "sound": "cave.wav",
        "sound_repeat": "True",
        "text": "You are in a dark, narrow tunnel.",
        "text_color": "0x000001",
        "buttons": [
            {
                "label": "Next",
                "target": "side opening"
            }
        ]
    },
    {
        "title": "side opening",
        "background": "page01.bmp",
        "sound": "cave.wav",
        "sound_repeat": "True",
        "text": "You are in a small room, one tunnel leads ahead and another to the side. Do you continue on or explore the side tunnel?",
        "text_color": "0x000001",
        "buttons": [
            {
                "label": "Continue",
                "target": "skeleton room"
            },
            {
                "label": "Side T.",
                "target": "treasure room"
            }
        ]
    },
    {
        "title": "treasure room",
        "background": "page01.bmp",
        "sound": "cave.wav",
        "sound_repeat": "True",
        "text": "There is a pile of treasure here. Congratulations!",
        "text_color": "0x000001",
        "buttons": [
            {
                "label": "Next",
                "target": "maze 1"
            }
        ]
    },
    {
        "title": "skeleton room",
        "background": "page01.bmp",
        "sound": "cave.wav",
        "sound_repeat": "True",
        "text": "There is a skeleton on the floor. From the items around it, it seems to be that of an unfortunate adventurer.",
        "text_color": "0x000001",
        "buttons": [
            {
                "label": "Next",
                "target": "maze 2"
            }
        ]
    },
    {
        "title": "maze 1",
        "background": "page01.bmp",
        "sound": "cave.wav",
        "sound_repeat": "True",
        "text": "There are passages to the left and right.",
        "text_color": "0x000001",
        "buttons": [
            {
                "label": "Left",
                "target": "maze 3"
            },
            {
                "label": "Right",
                "target": "maze 2"
            }
        ]
    },
    {
        "title": "maze 2",
        "background": "page01.bmp",
        "sound": "cave.wav",
        "sound_repeat": "True",
        "text": "There are passages to the left and right.",
        "text_color": "0x000001",
        "buttons": [
            {
                "label": "Left",
                "target": "maze 1"
            },
            {
                "label": "Right",
                "target": "maze 4"
            }
        ]
    },
    {
        "title": "maze 3",
        "background": "page01.bmp",
        "sound": "cave.wav",
        "sound_repeat": "True",
        "text": "There are passages to the left and right.",
        "text_color": "0x000001",
        "buttons": [
            {
                "label": "Left",
                "target": "maze 5"
            },
            {
                "label": "Right",
                "target": "maze 2"
            }
        ]
    },
    {
        "title": "maze 4",
        "background": "page01.bmp",
        "sound": "cave.wav",
        "sound_repeat": "True",
        "text": "There are passages to the left and right.",
        "text_color": "0x000001",
        "buttons": [
            {
                "label": "Left",
                "target": "maze 1"
            },
            {
                "label": "Right",
                "target": "maze 6"
            }
        ]
    },
    {
        "title": "maze 5",
        "background": "page01.bmp",
        "sound": "cave.wav",
        "sound_repeat": "True",
        "text": "There are passages to the left and right.",
        "text_color": "0x000001",
        "buttons": [
            {
                "label": "Left",
                "target": "maze 4"
            },
            {
                "label": "Right",
                "target": "creaking"
            }
        ]
    },
    {
        "title": "maze 6",
        "background": "page01.bmp",
        "sound": "cave.wav",
        "sound_repeat": "True",
        "text": "There are passages to the left and right.",
        "text_color": "0x000001",
        "buttons": [
            {
                "label": "Left",
                "target": "creaking"
            },
            {
                "label": "Right",
                "target": "maze 3"
            }
        ]
    },
    {
        "title": "creaking",
        "background": "page01.bmp",
        "sound": "creak.wav",
        "sound_repeat": "True",
        "text": "You hear an ominuous creaking from around the corner",
        "text_color": "0x000001",
        "buttons": [
            {
                "label": "Cont.",
                "target": "bridge room 1"
            },
            {
                "label": "Go back",
                "target": "inn"
            }
        ]
    },
    {
        "title": "bridge room 1",
        "background": "page01.bmp",
        "sound": "creak.wav",
        "sound_repeat": "True",
        "text": "There is a creaking, rickity wooded bridge leading across a gaping chasm.",
        "text_color": "0x000001",
        "buttons": [
            {
                "label": "Cont.",
                "target": "bridge room 2"
            }
        ]
    },

    {
      "title": "bridge room 2",
      "background": "page01.bmp",
      "sound": "creak.wav",
      "sound_repeat": "True",
      "text": "At the other end is a large treasure chest. There is also a short tunnel with daylight at the end.",
      "text_color": "0x000001",
      "buttons": [
        {
            "label": "Treasure!",
            "target": "die"
        },
        {
            "label": "Leave",
            "target": "inn"
        }
      ]
    },

    {
        "title": "die",
        "background": "page01.bmp",
        "sound": "scream.wav",
        "text": "The bridge gives way and you fall to a painful death.",
        "text_color": "0x000001",
        "buttons": [
            {
                "label": "Next",
                "target": "inn"
            }
        ]
    }
]
